{
  "model_name": "attention_cnn",
  "completed": true,
  "total_epochs": 96,
  "training_time_minutes": 328.8067235906919,
  "train_losses": [
    4.77873088106697,
    4.253298891326527,
    3.6427546301005798,
    3.1597961949713436,
    2.7831377070627097,
    2.4815406216515434,
    2.210458552101512,
    2.0111167598653723,
    1.8715499942685352,
    1.7756416550389043,
    1.7002844633879486,
    1.636434437610485,
    1.5860368893470294,
    1.565209428763684,
    1.5328546992054692,
    1.5041140777093394,
    1.4784337376370842,
    1.4650528542789412,
    1.4568434568099033,
    1.4295956626350497,
    1.4193749242358737,
    1.4120790902479194,
    1.4039906425240598,
    1.388971025561109,
    1.3924745930565727,
    1.3731874418847354,
    1.3633454976258454,
    1.3618730459684207,
    1.3545042450045361,
    1.348247339401716,
    1.350042896506227,
    1.3386700609583913,
    1.3290626302177524,
    1.3367770165572932,
    1.3307707768899424,
    1.3263084967931111,
    1.3214022866001836,
    1.3173641716992412,
    1.319997258833897,
    1.3082412740330638,
    1.3124395376370277,
    1.3076374589661022,
    1.3034160616957111,
    1.3029269492184674,
    1.2990021461321983,
    1.220155750086278,
    1.1990642267980693,
    1.196674978291547,
    1.1902719933309673,
    1.1923892342014077,
    1.1880739285622115,
    1.1861686600579155,
    1.1876366047211635,
    1.1840187620233606,
    1.1832540718125708,
    1.1839670961285815,
    1.1829286681281195,
    1.1573647125267688,
    1.1493939020015576,
    1.1442302647932077,
    1.1454175551732382,
    1.1431749803048592,
    1.1426289372973972,
    1.1417867557502088,
    1.1401881635924915,
    1.1397513054035329,
    1.1379127163945892,
    1.1395484462196444,
    1.1343200733632217,
    1.1316713471471527,
    1.1318872201589891,
    1.1290216757927412,
    1.1293963585370852,
    1.1279541142192888,
    1.1265103978875242,
    1.1270855956607395,
    1.1274283055905943,
    1.1276753148914855,
    1.1231235833815587,
    1.1240897093290163,
    1.120497367411484,
    1.1202289484165333,
    1.1218618178073272,
    1.1233154997413541,
    1.1210899079287493,
    1.1216277528692176,
    1.1211294992470446,
    1.119955665388225,
    1.1223790995868637,
    1.1204476538999582,
    1.1208474577209095,
    1.1225572450661365,
    1.120957586206036,
    1.1209669445767814,
    1.1193694332499562,
    1.1195507058390866
  ],
  "val_losses": [
    4.3844407755753085,
    3.700031477829506,
    3.1801704017595314,
    2.4881621092215354,
    2.0858293114037347,
    1.8786395034570804,
    1.904363190990755,
    1.4944452910587704,
    1.3889786580513264,
    1.4214631853432491,
    1.3260321411593208,
    1.2633807713958038,
    1.235626981176179,
    1.1843335847744996,
    1.1837254036432026,
    1.1486619998668801,
    1.1634636322657268,
    1.1298778413356036,
    1.1432479688490944,
    1.1324524495793484,
    1.1130106024358464,
    1.2018762402150822,
    1.1465756482091443,
    1.1088361877134476,
    1.1677971900194541,
    1.1188682509564805,
    1.0838908464059063,
    1.1241389636335701,
    1.0883644312277607,
    1.0950976089499462,
    1.1047266146232342,
    1.116314645471244,
    1.0971087148819847,
    1.0842615640026398,
    1.0717709160399163,
    1.0878985476219791,
    1.0670119140339993,
    1.0833431112355199,
    1.077195478581834,
    1.0681149507391041,
    1.066708631899165,
    1.0569532246425235,
    1.0913038719659565,
    1.046536971782816,
    1.0683147482488347,
    1.0346242847113774,
    1.0283524359779797,
    1.0229870574227695,
    1.017480696754894,
    1.0130483528663372,
    1.0171517113159443,
    1.012927039601337,
    1.0160879136502057,
    1.018920630559154,
    1.011628938132319,
    1.0195135796207122,
    1.010648932265139,
    1.0078358054161072,
    1.0042134009558579,
    1.0062189958561425,
    1.0031701942970013,
    1.0026826735200554,
    0.9992527790453242,
    1.0022702059526554,
    0.9991476433030491,
    0.9974697841995064,
    0.9943791990992666,
    0.9969980333043241,
    1.0014116503726478,
    0.9942205788075239,
    0.9977152402373566,
    0.9977924241416756,
    0.9915364247629013,
    0.9919497720126448,
    0.9913444087423128,
    0.9931495888479824,
    0.9918377474806774,
    0.989790965770853,
    0.9890507459640503,
    0.9930724111096613,
    0.9905020690512383,
    0.9913705053000614,
    0.9913670153453432,
    0.9904642755957855,
    0.99245152870814,
    0.9929626645713017,
    0.9899980364174679,
    0.9865777102010004,
    0.9889562869894093,
    0.9885561952645752,
    0.9909180361649086,
    0.9898801117107786,
    0.9902217771815157,
    0.9927705711331861,
    0.9868012173422451,
    0.9921406569152043
  ],
  "train_accuracies": [
    20.777666229052436,
    23.364738589852497,
    28.824619661749942,
    37.3928488686385,
    47.30481118233068,
    56.61441037917986,
    65.81203181712874,
    72.70445594254383,
    77.52722217931887,
    80.75140937524134,
    83.56243725384199,
    85.36180400030891,
    87.56274615800447,
    87.99135068345046,
    89.20766082322959,
    90.31585450613947,
    90.95683064329292,
    91.31593173218009,
    91.30048652405591,
    92.44343192524519,
    92.70986176538729,
    92.82956212834968,
    93.13846629083326,
    93.76785852189359,
    93.27361186191985,
    94.09993049656345,
    94.54784153216464,
    94.34319252451927,
    94.65981929106495,
    94.83357788246197,
    94.7679357479342,
    95.10000772260406,
    95.32396324040467,
    95.06139470229361,
    95.3007954282184,
    95.42821839524288,
    95.62514479882617,
    95.61356089273303,
    95.56722526836049,
    95.95335547146497,
    95.77187427600587,
    95.84910031662676,
    96.0074136998996,
    96.05374932427215,
    96.01899760599274,
    97.98053903776353,
    98.50567611398563,
    98.58290215460653,
    98.6060699667928,
    98.57517955054445,
    98.57131824851339,
    98.6755734033516,
    98.66398949725847,
    98.52498262414086,
    98.71032512163102,
    98.78368986022086,
    98.74507683991042,
    99.12348443895281,
    99.26249131207042,
    99.38605297706387,
    99.29724303034983,
    99.28952042628775,
    99.39377558112595,
    99.35130125878446,
    99.36674646690864,
    99.32813344659819,
    99.34357865472238,
    99.37060776893969,
    99.45169511159163,
    99.45941771565371,
    99.4401112054985,
    99.47100162174685,
    99.50575334002626,
    99.44397250752954,
    99.49416943393312,
    99.50575334002626,
    99.5018920379952,
    99.5096146420573,
    99.52505985018148,
    99.54436636033671,
    99.61000849486447,
    99.53664375627461,
    99.52892115221253,
    99.5096146420573,
    99.58297938064716,
    99.56367287049193,
    99.53664375627461,
    99.54822766236775,
    99.49803073596416,
    99.55981156846089,
    99.55981156846089,
    99.51347594408834,
    99.63703760908179,
    99.55208896439879,
    99.59842458877134,
    99.59456328674028
  ],