{
  "model_name": "resnet50",
  "completed": true,
  "total_epochs": 94,
  "training_time_minutes": 281.49736254612606,
  "train_losses": [
    2.4995594751687698,
    1.1529027117623223,
    1.1698895386707635,
    1.1846072403001198,
    1.200347845936999,
    1.2205755934303189,
    1.1739407960279489,
    1.1579295614619314,
    1.1565825618343588,
    1.1448456405121603,
    1.1330244134973597,
    1.1261490233150528,
    1.108776597034784,
    1.1064690157219215,
    1.0997718157591643,
    1.0976453277799818,
    1.0802224730267938,
    1.0804276410444282,
    1.0743933617332835,
    1.0640036187054198,
    1.0672937787609336,
    1.0598632038375477,
    1.0653301156597372,
    1.0491288837091421,
    1.0577709605664383,
    1.049054503440857,
    1.0523739214296695,
    1.0408970841655025,
    1.0478158053056694,
    1.0459969875253277,
    1.037588444904045,
    1.0361620245156464,
    1.0368715481993593,
    1.0417494114534354,
    1.0368635808980022,
    1.032495461128376,
    1.0387253718611635,
    1.0310607136031729,
    1.0350367924313486,
    1.0299836257357655,
    1.035829962918788,
    1.0258834423842254,
    1.030763953850593,
    0.9685284970719137,
    0.958499499897898,
    0.957976308575383,
    0.9587690772833648,
    0.9609764620109841,
    0.9628590853125961,
    0.9640959521870555,
    0.9622463829723406,
    0.9640202637071963,
    0.9634803651291647,
    0.9611922832182896,
    0.9609834460564601,
    0.9432518661758046,
    0.9385785104315958,
    0.9392823222242755,
    0.9387395287737434,
    0.9390957732259492,
    0.9382386840420005,
    0.9372426677633214,
    0.9374317484137452,
    0.9372522568997042,
    0.9378335352297182,
    0.9371297393316104,
    0.9325506482595279,
    0.9308326990516097,
    0.9304404966625166,
    0.930482139263624,
    0.9296333885487215,
    0.9299693257720382,
    0.9296381449993746,
    0.9297898507412569,
    0.9295697803850527,
    0.9290120869507025,
    0.929372775701829,
    0.9282012068195108,
    0.9271182712213493,
    0.9275050962412799,
    0.9276643430745161,
    0.927351114190655,
    0.9273138684990966,
    0.9277761658032735,
    0.9273223694459891,
    0.926684789598724,
    0.9270458920502368,
    0.9266483474660803,
    0.9265866289904088,
    0.9268392264107127,
    0.926346888218397,
    0.9263112233008868,
    0.9262234574482765,
    0.9261905842357212
  ],
  "val_losses": [
    1.0495848847531724,
    1.0327450564537926,
    1.057726980625898,
    1.1359272332027042,
    1.2847342998131939,
    1.1079054879046035,
    1.1408423390881768,
    1.3034616900586533,
    1.153080286650822,
    1.3142384564739533,
    1.0908950759076523,
    1.1326089467125378,
    1.0686868483992829,
    1.1094896382298962,
    1.18749166220084,
    1.271449304175103,
    1.2295847377557865,
    1.077531314444268,
    1.1000522813577762,
    1.0279727482247627,
    1.0759212313027218,
    1.0557177820424923,
    1.0470244754319904,
    1.026847272083677,
    1.0632021879327709,
    1.0213655233383179,
    1.087054924033154,
    1.033977868913234,
    1.0423250575175231,
    0.9980564466838179,
    1.0723386783709472,
    1.0162618064332283,
    1.0485253649196407,
    1.0215991646393963,
    1.0200177896981952,
    1.0063809218077824,
    1.036900847122587,
    1.0490000782341793,
    1.009288499410125,
    1.0444327921702945,
    1.0320620132588791,
    1.0281477330744953,
    1.0048920121686211,
    0.9510470615036186,
    0.9430771243983301,
    0.9442728415302847,
    0.9464823966738821,
    0.9491607313868643,
    0.9451208936757055,
    0.9490699624193126,
    0.9443612633080318,
    0.9463886577507545,
    0.9471437129481085,
    0.9483762541036497,
    0.9475319961021686,
    0.9338001800679613,
    0.9307422576279476,
    0.9292536583440058,
    0.929733200319882,
    0.9301013494360035,
    0.9286131941038986,
    0.92915065055606,
    0.9298693811756441,
    0.9292153257063065,
    0.9275729567155071,
    0.9282624735229317,
    0.9241319977003952,
    0.9236559484196806,
    0.9240407662830133,
    0.9232890393542147,
    0.9232909994563837,
    0.9232566260743416,
    0.9223443345091809,
    0.9229074558992495,
    0.9238151366683258,
    0.9244747312589624,
    0.9247580595400141,
    0.9244460244288389,
    0.9225591969216007,
    0.9212387587832308,
    0.9212998884847794,
    0.920550871854541,
    0.9211194994805874,
    0.9211869602915884,
    0.9202270973687885,
    0.9216186267206039,
    0.9206423088051807,
    0.9218295887969006,
    0.9211394814239151,
    0.9209809543072492,
    0.921707550684611,
    0.9216313163439432,
    0.9210102160771688,
    0.9206159327222013
  ],
  "train_accuracies": [
    68.98216078461657,
    97.01135222797127,
    96.33562437253842,
    95.9031585450614,
    95.9031585450614,
    95.54405745617422,
    96.78739671017067,
    97.34728550467217,
    97.38975982701366,
    97.57124102247278,
    97.94192601745308,
    98.1156846088501,
    98.45547918758206,
    98.50953741601668,
    98.57131824851339,
    98.55587304038922,
    98.89952892115221,
    98.99606147192833,
    98.97675496177311,
    99.11962313692177,
    99.1041779287976,
    99.27793652019461,
    98.97289365974207,
    99.29724303034983,
    99.26249131207042,
    99.38219167503281,
    99.32813344659819,
    99.41694339331222,
    99.32427214456715,
    99.33585605066028,
    99.45941771565371,
    99.5096146420573,
    99.49030813190208,
    99.40535948721909,
    99.44783380956058,
    99.55208896439879,
    99.37446907097073,
    99.5018920379952,
    99.38991427909491,
    99.54436636033671,
    99.37060776893969,
    99.58297938064716,
    99.56367287049193,
    99.93435786547224,
    99.98455479187582,
    99.97297088578269,
    99.96910958375165,
    99.94980307359641,
    99.95366437562747,
    99.93435786547224,
    99.93821916750328,
    99.94208046953433,
    99.93821916750328,
    99.92663526141014,
    99.94208046953433,
    99.96524828172059,
    99.99613869796896,
    99.9922773959379,
    99.9922773959379,
    99.98455479187582,
    99.9922773959379,
    99.98455479187582,
    99.9922773959379,
    100.0,
    99.98841609390686,
    99.98455479187582,
    99.99613869796896,
    100.0,
    100.0,
    99.98841609390686,
    99.9922773959379,
    99.99613869796896,
    99.99613869796896,
    99.9922773959379,
    99.99613869796896,
    100.0,
    99.99613869796896,
    100.0,
    100.0,
    99.99613869796896,
    99.99613869796896,
    100.0,
    99.99613869796896,
    99.9922773959379,
    99.9922773959379,
    99.99613869796896,
    100.0,
    100.0,
    99.99613869796896,
    99.99613869796896,
    100.0,
    100.0,
    100.0,
    100.0
  ],