{
  "model_name": "vanilla_cnn",
  "completed": true,
  "total_epochs": 103,
  "training_time_minutes": 224.72110846439998,
  "train_losses": [
    4.781185697626184,
    4.166329001791683,
    3.362627618106795,
    2.763454932342341,
    2.410017267274268,
    2.19644856011426,
    2.048489774303672,
    1.9478866297521709,
    1.8801690725632656,
    1.8240263432632258,
    1.7713423884945152,
    1.7387588995474357,
    1.7045295662350124,
    1.6875654126391,
    1.6718227050922536,
    1.6504998006938416,
    1.6430502926861799,
    1.6184065539159893,
    1.5998380140021995,
    1.6004320792209954,
    1.591263504381533,
    1.5638459435215704,
    1.5595398426055909,
    1.5596888618704714,
    1.5504026377642597,
    1.543366331818663,
    1.535854771696491,
    1.5268751783135497,
    1.5228545701062237,
    1.5141460412814294,
    1.51502153078715,
    1.5128097504745295,
    1.5035769324243804,
    1.5030805573051358,
    1.5014256103539172,
    1.4870781377509787,
    1.4898807413784074,
    1.4909286852236148,
    1.4961379480950627,
    1.4779786654460578,
    1.485880528555976,
    1.4803477219593377,
    1.4751181626025542,
    1.4734690377741684,
    1.478591650797997,
    1.4692262687800843,
    1.4625918017493353,
    1.4714064015282524,
    1.3799775311976303,
    1.3351622113475092,
    1.319373964674679,
    1.3104749779642364,
    1.3042445444766386,
    1.3036192640846158,
    1.3002360002494153,
    1.2964351842432846,
    1.292099446720547,
    1.2976246901500372,
    1.2902463536203643,
    1.2864804532792833,
    1.2851413667937857,
    1.2862256382718498,
    1.285689036934464,
    1.286111095805227,
    1.263016414642334,
    1.24724803853918,
    1.2364466063770247,
    1.2327128834194607,
    1.2288096639845105,
    1.2298652186805819,
    1.2285072403189576,
    1.2275142431259156,
    1.221425555664816,
    1.2230295172444097,
    1.2175518845334465,
    1.2158604948608964,
    1.2099556396036972,
    1.2106441659691893,
    1.205305419733495,
    1.2075740413901246,
    1.2034092720643974,
    1.2021771790068827,
    1.2011518078085817,
    1.2024505053037478,
    1.201870725772999,
    1.1995424367763379,
    1.2003731518615912,
    1.1984068732202788,
    1.1970258595030985,
    1.195447885842971,
    1.196506126133012,
    1.19656261338128,
    1.1961559743057062,
    1.191170710987515,
    1.1936165112036246,
    1.193205812830984,
    1.1942081368999717,
    1.1939336199819306,
    1.1945606952832069,
    1.1941071195366941,
    1.1950752552644706,
    1.1936451390937524,
    1.1893563332381072
  ],
  "val_losses": [
    4.357393697760571,
    3.374844002997738,
    2.5168902654757446,
    1.8931379605983865,
    1.6376608801984238,
    1.523704020456336,
    1.373589965118759,
    1.324621319770813,
    1.2793096125810997,
    1.2592992440037343,
    1.2174287006772797,
    1.2069705423267407,
    1.1921809582874692,
    1.174249909389978,
    1.1719351541036847,
    1.184384740632156,
    1.1547106792186868,
    1.1311085662622562,
    1.1474561485750923,
    1.1292649206073804,
    1.1227764083051133,
    1.1114658432445308,
    1.1188663244247437,
    1.1177135815565613,
    1.1339512761982007,
    1.1175261201529667,
    1.1235557109460064,
    1.1186646716348057,
    1.0957811056882485,
    1.1354724059159729,
    1.1059904098510742,
    1.121279527401102,
    1.1093725788182225,
    1.1211139278850337,
    1.0974363047501137,
    1.1070506627532257,
    1.0835842510749554,
    1.1174975304768002,
    1.1098295614637177,
    1.111954260146481,
    1.0973482378597916,
    1.1225746733018722,
    1.1159871652208526,
    1.0981563877785343,
    1.1086698674607551,
    1.081846150858649,
    1.0888435237709133,
    1.0806757143174095,
    1.0793868070361259,
    1.0744494295668328,
    1.0638558426122555,
    1.0558443028351356,
    1.0633461776821094,
    1.0582778289400299,
    1.0415550223712264,
    1.04647342089949,
    1.055504897545124,
    1.0518379375852387,
    1.0453883395797905,
    1.0502079985607629,
    1.048317010375275,
    1.0578929213271744,
    1.0593977618491512,
    1.0543051971786324,
    1.0499291036320828,
    1.0477520241134468,
    1.0454237789943301,
    1.0450778747427052,
    1.0404594615958203,
    1.03835605615857,
    1.0354261274995475,
    1.0391138024713802,
    1.0313719072561154,
    1.0350206898546768,
    1.0377534436083389,
    1.0349301524545955,
    1.0344937245051067,
    1.0336172635527863,
    1.0339415087096993,
    1.031519567829439,
    1.0361816252785168,
    1.0302205085754395,
    1.025686692917484,
    1.0257531061939809,
    1.024820489444952,
    1.0278197458420677,
    1.0264437486385476,
    1.0255979354354157,
    1.0238540268492424,
    1.0226639755840958,
    1.019451759327417,
    1.0252175659968936,
    1.0227694333284751,
    1.0289498677198914,
    1.0231146661714576,
    1.0283701981621227,
    1.0262302352094101,
    1.0269942955039013,
    1.025201737195596,
    1.0195142359569156,
    1.0231742420415768,
    1.0242318709691365,
    1.0327985985525723
  ],
  "train_accuracies": [
    21.074986485442892,
    25.225886168816125,
    35.84832805622056,
    49.63703760908178,
    59.76137153448143,
    67.1943779442428,
    72.32990964553247,
    76.01745308518032,
    78.46165727083172,
    80.41933740057148,
    82.22642675110048,
    82.98324194918527,
    84.44281411692023,
    84.74785697737278,
    85.54714649779906,
    86.08772878214533,
    86.38118773650476,
    87.26156459958298,
    87.78284037377404,
    87.7017530311221,
    87.98362807938837,
    89.11112827245347,
    89.22310603135377,
    89.11885087651557,
    89.45092285118542,
    89.58606842227199,
    89.97605992740752,
    90.26179627770485,
    90.42783226503977,
    90.58614564831261,
    90.72129121939918,
    90.57842304425053,
    91.02633407985172,
    91.0417792879759,
    91.00316626766546,
    91.7561201637192,
    91.44721600123562,
    91.32751563827323,
    91.18464746312456,
    91.97235307745773,
    91.33523824233532,
    91.81403969418488,
    91.90671094292996,
    92.0302726079234,
    91.50513553170128,
    91.97621437948877,
    92.12680515869951,
    91.90671094292996,
    95.1038690246351,
    96.43987952737663,
    96.84917754266739,
    96.98432311375396,
    97.28550467217546,
    97.2546142559271,
    97.35886941076531,
    97.37817592092054,
    97.45154065951039,
    97.2546142559271,
    97.37431461888949,
    97.63688315700054,
    97.63688315700054,
    97.6330218549695,
    97.53648930419337,
    97.61757664684532,
    98.11954591088114,
    98.44775658351996,
    98.51339871804772,
    98.6832960074137,
    98.81071897443817,
    98.795273766314,
    98.81844157850027,
    98.8300254845934,
    98.98061626380415,
    98.95744845161788,
    99.08487141864236,
    99.01536798208356,
    99.03467449223878,
    99.16209745926326,
    99.13892964707699,
    99.16982006332535,
    99.19298787551162,
    99.27793652019461,
    99.17754266738744,
    99.09259402270446,
    99.2084330836358,
    99.2856591242567,
    99.16982006332535,
    99.24704610394625,
    99.27407521816356,
    99.23932349988416,
    99.29338172831879,
    99.21229438566685,
    99.35902386284656,
    99.28179782222566,
    99.397636883157,
    99.35130125878446,
    99.27407521816356,
    99.23546219785311,
    99.30882693644297,
    99.31268823847401,
    99.27021391613252,
    99.41694339331222,
    99.37446907097073
  ],